model,data,depth,width,seed,epochs_run,best_epoch,train_seconds,train_rmse,train_max_abs_err,train_rel_rmse,val_rmse,val_max_abs_err,val_rel_rmse,test_rmse,test_max_abs_err,test_rel_rmse
ackley__relu__h1x10__t0,ackley,1,10,0,218,118,23.39,0.5787639385703413,2.082823819757602,0.2777363648912025,0.5875154859966841,2.4534436984215637,0.28266115954193066,0.5717522065509868,2.2957563938957746,0.27287271988433087
ackley__relu__h1x20__t0,ackley,1,20,0,220,120,23.62,0.5633180414593615,1.8350413427079992,0.2703242111093275,0.574551675727302,2.088657937410968,0.27642410582987614,0.5544578641687009,1.8700671800304018,0.2646188746164082
ackley__relu__h1x30__t0,ackley,1,30,0,587,487,56.21,0.5582173693818585,1.718360628562559,0.2678765082949346,0.5718956674836156,1.8970552650002812,0.2751462665425598,0.5530986351176373,1.7374471568125731,0.2639701730917619
ackley__relu__h1x40__t0,ackley,1,40,0,1000,986,96.42,0.5025335386114621,1.7464094725551789,0.2411550356689977,0.517028052216661,1.6744208458026506,0.24874876022602765,0.49628520421245487,1.6914714975805385,0.23685556777947764
ackley__relu__h1x50__t0,ackley,1,50,0,1000,909,105.17,0.48012358014247913,1.6162758610608492,0.2304009786385739,0.4925000606230956,1.6643420347188913,0.23694803205745804,0.4778540749063822,1.5100487157323759,0.2280591830403147
ackley__relu__h2x10__t0,ackley,2,10,0,600,500,71.61,0.5466395606221397,1.76080831604735,0.2623205669101397,0.5596707692542108,2.002472888104272,0.269264712794332,0.5411894345657908,1.7591563534179686,0.25828642424217957
ackley__relu__h2x20__t0,ackley,2,20,0,929,829,116.43,0.2901623610668373,1.3074188080863998,0.13924267567537377,0.29827283036066005,1.2952196155072127,0.14350284562554252,0.2935232710255129,1.2521408493930153,0.14008602397397968
ackley__relu__h2x30__t0,ackley,2,30,0,854,754,117.88,0.2008837797461102,1.0045710224731046,0.09639980488436865,0.20837624641096245,1.0395509221966517,0.10025245774006737,0.2019554687782846,0.9495003126018329,0.09638465305359735
ackley__relu__h2x40__t0,ackley,2,40,0,712,612,146.48,0.17126645256982345,0.8731977757741589,0.0821870866420147,0.17887471058587998,0.9264964002267657,0.08605889429647724,0.17317397059679943,0.7722320963700824,0.08264848273166013
ackley__relu__h2x50__t0,ackley,2,50,0,697,597,138.39,0.14963338314517308,0.7769317609959945,0.07180584195306078,0.1580133003023957,0.7344635923044791,0.07602220494792974,0.1521513190934887,0.7258770057383952,0.07261527598726734
ackley__relu__h3x10__t0,ackley,3,10,0,924,824,132.26,0.45601776447063475,1.7534403518253558,0.21883311621443335,0.4728416099791892,1.6038343603622547,0.22749010186455798,0.45717953989608084,1.581874375910445,0.21819211731504815
ackley__relu__h3x20__t0,ackley,3,20,0,748,648,116.17,0.23265003694036535,1.2332320267177828,0.11164374841880009,0.23244398503501948,1.1719229219148257,0.11183175236153113,0.23450830979884613,1.0894679845282003,0.11192072299345285
ackley__relu__h3x30__t0,ackley,3,30,0,630,530,90.64,0.12313584838882638,0.7668888874918718,0.059090244986212785,0.13266246839515547,0.7654954692689167,0.06382559785748526,0.13137723213440028,0.7579114096847981,0.06270069840157586
ackley__relu__h3x40__t0,ackley,3,40,0,779,679,124.62,0.08106004495846497,0.39685397491939334,0.03889897197170536,0.089621175089887,0.4113387369458934,0.04311788518636737,0.0900179548258809,0.3611155568320452,0.04296169545184339
ackley__relu__h3x50__t0,ackley,3,50,0,808,708,114.18,0.06578842546814548,0.34712624609241516,0.03157045027126863,0.07291901631187739,0.34963238119987494,0.03508226454389757,0.07412851968177923,0.3214604170696287,0.035378351941283546
ackley__relu__h4x10__t0,ackley,4,10,0,832,732,425.97,0.39118007096647445,1.605719520967149,0.18771890176240974,0.4007855960932732,1.6008228996591392,0.19282303874466358,0.38305627187737007,1.5555646105048506,0.1828162717665148
ackley__relu__h4x20__t0,ackley,4,20,0,632,532,92.25,0.15761103589609232,0.7365049096390592,0.07563414590869039,0.1662528565632727,0.7390621339218217,0.07998636007629963,0.16341438758375365,0.7623399422146839,0.0779906538134796
ackley__relu__h4x30__t0,ackley,4,30,0,702,602,107.22,0.08973930772127664,0.5546376453793513,0.043063963480390925,0.09633867434464824,0.554669273123567,0.04634975936471641,0.09328603088706805,0.4642531100629945,0.04452140749735429
ackley__relu__h4x40__t0,ackley,4,40,0,601,501,93.27,0.07760796675071273,0.42722497727414677,0.03724239389410504,0.08231953639272374,0.4397689242998606,0.03960497410591281,0.0826971185188766,0.3850728206731002,0.03946777537242507
ackley__relu__h4x50__t0,ackley,4,50,0,628,528,103.98,0.05379323652104184,0.2592782642442941,0.025814217112407452,0.0576166782101939,0.26909604838408363,0.027720115401246827,0.059247529629672016,0.2550624657368754,0.02827629586950159
himmelblau__relu__h1x10__t0,himmelblau,1,10,0,695,595,44.34,19.25065488474803,121.59658896587655,0.17486774740334804,20.032941629061547,79.86703806374555,0.17962618210396605,18.80409504727756,82.63182854982165,0.17480994227756236
himmelblau__relu__h1x20__t0,himmelblau,1,20,0,732,632,46.58,8.746917399096985,55.855804231763216,0.07945463421689,8.688604515245727,43.93388190243377,0.07790672412386909,8.6958678729382,55.37788675178376,0.08084005941789354
himmelblau__relu__h1x30__t0,himmelblau,1,30,0,1000,978,63.41,4.457501202472426,40.293889529787975,0.04049073649653508,4.494174557230928,19.26671563766638,0.04029719810360126,4.694635193541693,21.779959186265046,0.04364309503509193
himmelblau__relu__h1x40__t0,himmelblau,1,40,0,865,765,56.91,3.5448397613952904,36.147716576280914,0.03220036656893866,3.663237689303195,18.1541055083503,0.03284656903878337,3.587501188039548,25.72874278384927,0.033350760779773614
himmelblau__relu__h1x50__t0,himmelblau,1,50,0,554,454,61.52,3.777634642155572,39.54094231104966,0.03431501236407127,3.774274682972079,19.86917598528464,0.03384218673758951,4.086644570549329,30.273966107752756,0.037990985457716564
himmelblau__relu__h2x10__t0,himmelblau,2,10,0,531,431,106.05,6.953110551010562,42.55453546304764,0.0631601774994671,7.231277264219623,39.8234584421446,0.06483954033104385,7.183209113519429,39.461116585093336,0.0667778144784367
himmelblau__relu__h2x20__t0,himmelblau,2,20,0,496,396,70.8,3.0223130742837174,27.55296961794727,0.027453875331088454,3.168931189073918,14.141388076943059,0.028414349793630122,3.1795697497208235,22.288239970150812,0.029558476651959473
himmelblau__relu__h2x30__t0,himmelblau,2,30,0,570,470,106.77,1.6945688760031608,11.454744394405566,0.015393005793339,1.829907488477643,7.574265471014485,0.016407939574977652,1.850563139972868,10.581334003352424,0.01720353119181224
himmelblau__relu__h2x40__t0,himmelblau,2,40,0,536,436,78.29,1.4150744724619138,16.049639762997003,0.012854154151578869,1.4270508569201348,6.01150749900097,0.012795709279404769,1.4785925712945516,7.778175141550719,0.013745552837835422
himmelblau__relu__h2x50__t0,himmelblau,2,50,0,319,219,74.03,1.6310971401755303,14.551415834333511,0.014816445695284787,1.7476085209582704,8.107769349373541,0.01567000255103317,1.735613638477946,13.431483317438392,0.016134917378138124
himmelblau__relu__h3x10__t0,himmelblau,3,10,0,610,510,119.85,3.1083614222556495,28.226070543862534,0.028235515273610762,3.223978742058433,24.075205831691463,0.028907935905937758,3.2489249131119182,24.337868698402644,0.030203228344533133
himmelblau__relu__h3x20__t0,himmelblau,3,20,0,457,357,34.5,2.0290829320702746,12.897984689602822,0.0184316410922118,2.0340837089553307,9.464153123912865,0.018238693921489607,2.1076657141119783,13.379416954168505,0.019593653451440873
himmelblau__relu__h3x30__t0,himmelblau,3,30,0,698,598,54.01,1.3483764996025565,11.018496395146599,0.012248287788064862,1.4689552550987466,8.496593425028038,0.013171446762075259,1.5483764953985544,12.749675333878258,0.014394290451310134
himmelblau__relu__h3x40__t0,himmelblau,3,40,0,129,29,10.33,2.3241183717800813,26.7985309362316,0.02111166330730464,2.2528969912645103,13.157312287904631,0.020200692075460987,2.549705035714896,24.60846131054916,0.023703017294770642
himmelblau__relu__h3x50__t0,himmelblau,3,50,0,271,171,22.28,1.381444754205871,8.446658949495827,0.012548670877765537,1.4774859788591017,6.764082701391203,0.013247937842018966,1.5307696459139553,13.715364167246605,0.01423061055422633
himmelblau__relu__h4x10__t0,himmelblau,4,10,0,340,240,28.62,3.078018938855822,20.342346209366156,0.02795989235301313,3.2618829558114797,16.93387058246259,0.029247805573018263,3.1787501969873797,18.682677775000514,0.029550857781406727
himmelblau__relu__h4x20__t0,himmelblau,4,20,0,281,181,23.81,2.139069714418034,12.377178943935263,0.019430731304385992,2.309504265118154,12.352075302156663,0.020708263488083332,2.2882984160066036,19.55981112100676,0.02127288300820761
himmelblau__relu__h4x30__t0,himmelblau,4,30,0,733,633,65.71,1.13968923130219,7.380881388462058,0.010352629030587694,1.1880687749265133,5.853935697860209,0.010652866766575956,1.2723529369593742,11.60190062779725,0.01182827160293241
himmelblau__relu__h4x40__t0,himmelblau,4,40,0,505,405,45.87,1.0631004051739856,6.862198602711487,0.00965691682851,1.1832011496866028,6.202749640519016,0.010609221007807828,1.2087065125033567,11.644622546090659,0.011236590495314287
himmelblau__relu__h4x50__t0,himmelblau,4,50,0,555,455,53.85,0.9561739976157744,4.669273202693944,0.008685626234004,1.0664019816290642,5.877825498283698,0.009561936539077609,1.0700695297210325,6.972258172359176,0.009947768943584137
peaks__relu__h1x10__t0,peaks,1,10,0,447,347,28.85,0.5244411387859943,2.187330705281518,0.2026088882742641,0.5241845311589134,2.055708391910329,0.2046282729537312,0.49562791117411703,1.9257065271313598,0.1879909073822696
peaks__relu__h1x20__t0,peaks,1,20,0,1000,994,83.28,0.43669637134797695,2.300630228614888,0.16871019408781307,0.44382030771101755,2.4653136479362923,0.173256129607469,0.41700540309555073,2.0614844414917943,0.15816951052157688
peaks__relu__h1x30__t0,peaks,1,30,0,976,876,70.09,0.160943631505557,0.8020465454946448,0.06217782672360136,0.16134363445314884,0.7580603786719271,0.06298444022610217,0.1620559461834691,0.6841179671000357,0.061467572109796004
peaks__relu__h1x40__t0,peaks,1,40,0,499,399,34.7,0.1300211328459992,0.6307503404335524,0.05023144682941839,0.13726307577213548,0.7150238591087108,0.05358400423123896,0.12938517442585418,0.5794701108443796,0.04907559843534448
peaks__relu__h1x50__t0,peaks,1,50,0,1000,907,70.41,0.11030481402569912,0.4944899333770648,0.04261438336584437,0.11988171127184864,0.4499257147670699,0.0467987627983995,0.11249083940880329,0.4752045635033371,0.04266760304632026
peaks__relu__h2x10__t0,peaks,2,10,0,780,680,66.86,0.1319455476573748,0.5936702839673753,0.050974911665937324,0.13607251205622892,0.6077644926724632,0.053119238518888175,0.13255322412194515,0.5852396680455012,0.05027723483146552
peaks__relu__h2x20__t0,peaks,2,20,0,547,447,48.17,0.06975752822828298,0.3821292210653944,0.0269496311365085,0.07512077247866979,0.39093587546457176,0.029325233808931702,0.07256638051651537,0.3498498023221739,0.027524316954688863
peaks__relu__h2x30__t0,peaks,2,30,0,568,468,51.64,0.046469425822989026,0.26950702238376856,0.0179526700108497,0.04828846374722805,0.28423760297824696,0.01885058477085911,0.049018380832640325,0.19383974930301573,0.018592596751276218
peaks__relu__h2x40__t0,peaks,2,40,0,690,590,65.51,0.029977314937065305,0.16002297677700672,0.011581224285543206,0.03390257034538092,0.1729443198452243,0.013234698862879089,0.032106814312531755,0.14877225296305596,0.01217806547954172
peaks__relu__h2x50__t0,peaks,2,50,0,680,580,71.11,0.029835775609414136,0.1831456018182278,0.01152654298062332,0.03288387505627985,0.1730682042677536,0.012837026201280348,0.0326028621474077,0.1668623850177502,0.01236621566334075
peaks__relu__h3x10__t0,peaks,3,10,0,594,494,65.33,0.09021450265460308,0.36406272609074963,0.03485283425967749,0.09146935804415877,0.32430569806207465,0.035707304684060436,0.09075178704646131,0.34906110548451985,0.034422013790569805
peaks__relu__h3x20__t0,peaks,3,20,0,271,171,43.66,0.04473280545191272,0.3197751084195435,0.01728175635302205,0.04653303079006684,0.17888246146447173,0.018165308512294625,0.048196188460438945,0.24893958199817567,0.01828074044413895
peaks__relu__h3x30__t0,peaks,3,30,0,365,265,42.91,0.03288138672904032,0.14067125913606038,0.012703162885941238,0.033421083501798926,0.14512782405776203,0.013046738678258042,0.03452285156853959,0.1395842538830374,0.013094464709258872
peaks__relu__h3x40__t0,peaks,3,40,0,364,264,36.45,0.021932647789772414,0.0850337853767118,0.008473304355725075,0.02294288436903321,0.0910209229692116,0.008956316956993799,0.02458030738542934,0.08284832291983513,0.009323272933066564
peaks__relu__h3x50__t0,peaks,3,50,0,502,402,49.77,0.018541394524555114,0.0896151109957346,0.007163151503275936,0.020066907692492378,0.0891430697849449,0.007833609007038387,0.020532680594883074,0.0813038007497644,0.007788014292573532
peaks__relu__h4x10__t0,peaks,4,10,0,429,329,42.68,0.06421434996947069,0.26770824720546926,0.02480811876941267,0.06730459608199721,0.31117118805318533,0.026273997875630294,0.06650438233007251,0.26645917847725187,0.025225010329847232
peaks__relu__h4x20__t0,peaks,4,20,0,584,484,68.81,0.026277503019326225,0.12029112744833093,0.010151865060955605,0.028838627949845295,0.12121124635322289,0.01125786489480175,0.028923256816374115,0.11651680474473647,0.010970546998614097
peaks__relu__h4x30__t0,peaks,4,30,0,448,348,50.72,0.02168453489171764,0.11247810522377222,0.00837745016976676,0.023067444197658153,0.10450946131018402,0.009004941937503206,0.023448090060456273,0.0822883519632347,0.008893824636316305
peaks__relu__h4x40__t0,peaks,4,40,0,343,243,36.85,0.021428033424156053,0.10524847902885526,0.008278355203068166,0.022791755753756637,0.1008090629588203,0.008897320199745809,0.023906719062314,0.11055045034000877,0.009067781914078997
peaks__relu__h4x50__t0,peaks,4,50,0,412,312,44.28,0.019404665534394946,0.09489147598137526,0.007496661532614849,0.020915716327055342,0.14559845890921608,0.008164962251238144,0.02104495549186707,0.0819398918704497,0.007982319376169495
